Learner,selections,avg_weight,percentage,horizon,state,year,experiment
Chronos,508,1.0,20.352564102564102,horizon_12,excluding_sp,2020,model_topk_1_norm_minmax_noise_True_ep_100_lr_0.001_2020_log
Moirai,486,1.0,19.471153846153847,horizon_12,excluding_sp,2020,model_topk_1_norm_minmax_noise_True_ep_100_lr_0.001_2020_log
Time-MoE,509,1.0,20.392628205128204,horizon_12,excluding_sp,2020,model_topk_1_norm_minmax_noise_True_ep_100_lr_0.001_2020_log
Timer,512,1.0,20.512820512820515,horizon_12,excluding_sp,2020,model_topk_1_norm_minmax_noise_True_ep_100_lr_0.001_2020_log
TimesFM,481,1.0,19.270833333333332,horizon_12,excluding_sp,2020,model_topk_1_norm_minmax_noise_True_ep_100_lr_0.001_2020_log
Chronos,1195,1.0,19.81100795755968,horizon_12,excluding_sp,2021,model_topk_1_norm_minmax_noise_True_ep_100_lr_0.001_2021_log
Moirai,1228,1.0,20.358090185676392,horizon_12,excluding_sp,2021,model_topk_1_norm_minmax_noise_True_ep_100_lr_0.001_2021_log
Time-MoE,1202,1.0,19.927055702917773,horizon_12,excluding_sp,2021,model_topk_1_norm_minmax_noise_True_ep_100_lr_0.001_2021_log
Timer,1207,1.0,20.00994694960212,horizon_12,excluding_sp,2021,model_topk_1_norm_minmax_noise_True_ep_100_lr_0.001_2021_log
TimesFM,1200,1.0,19.893899204244033,horizon_12,excluding_sp,2021,model_topk_1_norm_minmax_noise_True_ep_100_lr_0.001_2021_log
Chronos,574,1.0,19.71153846153846,horizon_12,excluding_sp,2022,model_topk_1_norm_minmax_noise_True_ep_100_lr_0.001_2022_log
Moirai,581,1.0,19.951923076923077,horizon_12,excluding_sp,2022,model_topk_1_norm_minmax_noise_True_ep_100_lr_0.001_2022_log
Time-MoE,583,1.0,20.020604395604394,horizon_12,excluding_sp,2022,model_topk_1_norm_minmax_noise_True_ep_100_lr_0.001_2022_log
Timer,594,1.0,20.39835164835165,horizon_12,excluding_sp,2022,model_topk_1_norm_minmax_noise_True_ep_100_lr_0.001_2022_log
TimesFM,580,1.0,19.917582417582416,horizon_12,excluding_sp,2022,model_topk_1_norm_minmax_noise_True_ep_100_lr_0.001_2022_log
Chronos,674,1.0,20.252403846153847,horizon_12,excluding_sp,2023,model_topk_1_norm_minmax_noise_True_ep_100_lr_0.001_2023_log
Moirai,668,1.0,20.072115384615383,horizon_12,excluding_sp,2023,model_topk_1_norm_minmax_noise_True_ep_100_lr_0.001_2023_log
Time-MoE,667,1.0,20.042067307692307,horizon_12,excluding_sp,2023,model_topk_1_norm_minmax_noise_True_ep_100_lr_0.001_2023_log
Timer,663,1.0,19.921875,horizon_12,excluding_sp,2023,model_topk_1_norm_minmax_noise_True_ep_100_lr_0.001_2023_log
TimesFM,656,1.0,19.71153846153846,horizon_12,excluding_sp,2023,model_topk_1_norm_minmax_noise_True_ep_100_lr_0.001_2023_log
Chronos,444,1.0,19.405594405594407,horizon_12,excluding_sp,2024,model_topk_1_norm_minmax_noise_True_ep_100_lr_0.001_2024_log
Moirai,457,1.0,19.973776223776223,horizon_12,excluding_sp,2024,model_topk_1_norm_minmax_noise_True_ep_100_lr_0.001_2024_log
Time-MoE,475,1.0,20.76048951048951,horizon_12,excluding_sp,2024,model_topk_1_norm_minmax_noise_True_ep_100_lr_0.001_2024_log
Timer,453,1.0,19.79895104895105,horizon_12,excluding_sp,2024,model_topk_1_norm_minmax_noise_True_ep_100_lr_0.001_2024_log
TimesFM,459,1.0,20.06118881118881,horizon_12,excluding_sp,2024,model_topk_1_norm_minmax_noise_True_ep_100_lr_0.001_2024_log
Chronos,466,1.0,20.367132867132867,horizon_24,excluding_sp,2020,model_topk_1_norm_minmax_noise_True_ep_100_lr_0.001_2020_log
Moirai,455,1.0,19.886363636363637,horizon_24,excluding_sp,2020,model_topk_1_norm_minmax_noise_True_ep_100_lr_0.001_2020_log
Time-MoE,462,1.0,20.192307692307693,horizon_24,excluding_sp,2020,model_topk_1_norm_minmax_noise_True_ep_100_lr_0.001_2020_log
Timer,460,1.0,20.104895104895103,horizon_24,excluding_sp,2020,model_topk_1_norm_minmax_noise_True_ep_100_lr_0.001_2020_log
TimesFM,445,1.0,19.4493006993007,horizon_24,excluding_sp,2020,model_topk_1_norm_minmax_noise_True_ep_100_lr_0.001_2020_log
Chronos,742,1.0,19.818376068376068,horizon_24,excluding_sp,2021,model_topk_1_norm_minmax_noise_True_ep_100_lr_0.001_2021_log
Moirai,753,1.0,20.112179487179485,horizon_24,excluding_sp,2021,model_topk_1_norm_minmax_noise_True_ep_100_lr_0.001_2021_log
Time-MoE,761,1.0,20.325854700854702,horizon_24,excluding_sp,2021,model_topk_1_norm_minmax_noise_True_ep_100_lr_0.001_2021_log
Timer,733,1.0,19.57799145299145,horizon_24,excluding_sp,2021,model_topk_1_norm_minmax_noise_True_ep_100_lr_0.001_2021_log
TimesFM,755,1.0,20.16559829059829,horizon_24,excluding_sp,2021,model_topk_1_norm_minmax_noise_True_ep_100_lr_0.001_2021_log
Chronos,469,1.0,20.498251748251747,horizon_24,excluding_sp,2022,model_topk_1_norm_minmax_noise_True_ep_100_lr_0.001_2022_log
Moirai,460,1.0,20.104895104895103,horizon_24,excluding_sp,2022,model_topk_1_norm_minmax_noise_True_ep_100_lr_0.001_2022_log
Time-MoE,442,1.0,19.318181818181817,horizon_24,excluding_sp,2022,model_topk_1_norm_minmax_noise_True_ep_100_lr_0.001_2022_log
Timer,445,1.0,19.4493006993007,horizon_24,excluding_sp,2022,model_topk_1_norm_minmax_noise_True_ep_100_lr_0.001_2022_log
TimesFM,472,1.0,20.62937062937063,horizon_24,excluding_sp,2022,model_topk_1_norm_minmax_noise_True_ep_100_lr_0.001_2022_log
Chronos,769,1.0,19.458502024291498,horizon_24,excluding_sp,2023,model_topk_1_norm_minmax_noise_True_ep_100_lr_0.001_2023_log
Moirai,804,1.0,20.344129554655872,horizon_24,excluding_sp,2023,model_topk_1_norm_minmax_noise_True_ep_100_lr_0.001_2023_log
Time-MoE,796,1.0,20.141700404858298,horizon_24,excluding_sp,2023,model_topk_1_norm_minmax_noise_True_ep_100_lr_0.001_2023_log
Timer,786,1.0,19.888663967611336,horizon_24,excluding_sp,2023,model_topk_1_norm_minmax_noise_True_ep_100_lr_0.001_2023_log
TimesFM,797,1.0,20.167004048582996,horizon_24,excluding_sp,2023,model_topk_1_norm_minmax_noise_True_ep_100_lr_0.001_2023_log
Chronos,1583,1.0,20.027834008097166,horizon_24,excluding_sp,2024,model_topk_1_norm_minmax_noise_True_ep_100_lr_0.001_2024_log
Moirai,1593,1.0,20.154352226720647,horizon_24,excluding_sp,2024,model_topk_1_norm_minmax_noise_True_ep_100_lr_0.001_2024_log
Time-MoE,1577,1.0,19.951923076923077,horizon_24,excluding_sp,2024,model_topk_1_norm_minmax_noise_True_ep_100_lr_0.001_2024_log
Timer,1585,1.0,20.053137651821864,horizon_24,excluding_sp,2024,model_topk_1_norm_minmax_noise_True_ep_100_lr_0.001_2024_log
TimesFM,1566,1.0,19.812753036437247,horizon_24,excluding_sp,2024,model_topk_1_norm_minmax_noise_True_ep_100_lr_0.001_2024_log
Chronos,716,1.0,20.248868778280542,horizon_3,excluding_sp,2020,model_topk_1_norm_minmax_noise_True_ep_100_lr_0.001_2020_log
Moirai,707,1.0,19.994343891402714,horizon_3,excluding_sp,2020,model_topk_1_norm_minmax_noise_True_ep_100_lr_0.001_2020_log
Time-MoE,722,1.0,20.418552036199095,horizon_3,excluding_sp,2020,model_topk_1_norm_minmax_noise_True_ep_100_lr_0.001_2020_log
Timer,702,1.0,19.852941176470587,horizon_3,excluding_sp,2020,model_topk_1_norm_minmax_noise_True_ep_100_lr_0.001_2020_log
TimesFM,689,1.0,19.485294117647058,horizon_3,excluding_sp,2020,model_topk_1_norm_minmax_noise_True_ep_100_lr_0.001_2020_log
Chronos,444,1.0,19.405594405594407,horizon_3,excluding_sp,2021,model_topk_1_norm_minmax_noise_True_ep_100_lr_0.001_2021_log
Moirai,457,1.0,19.973776223776223,horizon_3,excluding_sp,2021,model_topk_1_norm_minmax_noise_True_ep_100_lr_0.001_2021_log
Time-MoE,475,1.0,20.76048951048951,horizon_3,excluding_sp,2021,model_topk_1_norm_minmax_noise_True_ep_100_lr_0.001_2021_log
Timer,453,1.0,19.79895104895105,horizon_3,excluding_sp,2021,model_topk_1_norm_minmax_noise_True_ep_100_lr_0.001_2021_log
TimesFM,459,1.0,20.06118881118881,horizon_3,excluding_sp,2021,model_topk_1_norm_minmax_noise_True_ep_100_lr_0.001_2021_log
Chronos,678,1.0,20.372596153846153,horizon_3,excluding_sp,2022,model_topk_1_norm_minmax_noise_True_ep_100_lr_0.001_2022_log
Moirai,650,1.0,19.53125,horizon_3,excluding_sp,2022,model_topk_1_norm_minmax_noise_True_ep_100_lr_0.001_2022_log
Time-MoE,668,1.0,20.072115384615383,horizon_3,excluding_sp,2022,model_topk_1_norm_minmax_noise_True_ep_100_lr_0.001_2022_log
Timer,677,1.0,20.342548076923077,horizon_3,excluding_sp,2022,model_topk_1_norm_minmax_noise_True_ep_100_lr_0.001_2022_log
TimesFM,655,1.0,19.681490384615383,horizon_3,excluding_sp,2022,model_topk_1_norm_minmax_noise_True_ep_100_lr_0.001_2022_log
Chronos,571,1.0,19.608516483516482,horizon_3,excluding_sp,2023,model_topk_1_norm_minmax_noise_True_ep_100_lr_0.001_2023_log
Moirai,593,1.0,20.36401098901099,horizon_3,excluding_sp,2023,model_topk_1_norm_minmax_noise_True_ep_100_lr_0.001_2023_log
Time-MoE,587,1.0,20.157967032967033,horizon_3,excluding_sp,2023,model_topk_1_norm_minmax_noise_True_ep_100_lr_0.001_2023_log
Timer,581,1.0,19.951923076923077,horizon_3,excluding_sp,2023,model_topk_1_norm_minmax_noise_True_ep_100_lr_0.001_2023_log
TimesFM,580,1.0,19.917582417582416,horizon_3,excluding_sp,2023,model_topk_1_norm_minmax_noise_True_ep_100_lr_0.001_2023_log
Chronos,567,1.0,19.471153846153847,horizon_3,excluding_sp,2024,model_topk_1_norm_minmax_noise_True_ep_100_lr_0.001_2024_log
Moirai,588,1.0,20.192307692307693,horizon_3,excluding_sp,2024,model_topk_1_norm_minmax_noise_True_ep_100_lr_0.001_2024_log
Time-MoE,589,1.0,20.22664835164835,horizon_3,excluding_sp,2024,model_topk_1_norm_minmax_noise_True_ep_100_lr_0.001_2024_log
Timer,584,1.0,20.054945054945055,horizon_3,excluding_sp,2024,model_topk_1_norm_minmax_noise_True_ep_100_lr_0.001_2024_log
TimesFM,584,1.0,20.054945054945055,horizon_3,excluding_sp,2024,model_topk_1_norm_minmax_noise_True_ep_100_lr_0.001_2024_log
Chronos,514,1.0,20.59294871794872,horizon_6,excluding_sp,2020,model_topk_1_norm_minmax_noise_True_ep_100_lr_0.001_2020_log
Moirai,499,1.0,19.99198717948718,horizon_6,excluding_sp,2020,model_topk_1_norm_minmax_noise_True_ep_100_lr_0.001_2020_log
Time-MoE,500,1.0,20.03205128205128,horizon_6,excluding_sp,2020,model_topk_1_norm_minmax_noise_True_ep_100_lr_0.001_2020_log
Timer,490,1.0,19.631410256410255,horizon_6,excluding_sp,2020,model_topk_1_norm_minmax_noise_True_ep_100_lr_0.001_2020_log
TimesFM,493,1.0,19.751602564102566,horizon_6,excluding_sp,2020,model_topk_1_norm_minmax_noise_True_ep_100_lr_0.001_2020_log
Chronos,674,1.0,20.252403846153847,horizon_6,excluding_sp,2021,model_topk_1_norm_minmax_noise_True_ep_100_lr_0.001_2021_log
Moirai,668,1.0,20.072115384615383,horizon_6,excluding_sp,2021,model_topk_1_norm_minmax_noise_True_ep_100_lr_0.001_2021_log
Time-MoE,667,1.0,20.042067307692307,horizon_6,excluding_sp,2021,model_topk_1_norm_minmax_noise_True_ep_100_lr_0.001_2021_log
Timer,663,1.0,19.921875,horizon_6,excluding_sp,2021,model_topk_1_norm_minmax_noise_True_ep_100_lr_0.001_2021_log
TimesFM,656,1.0,19.71153846153846,horizon_6,excluding_sp,2021,model_topk_1_norm_minmax_noise_True_ep_100_lr_0.001_2021_log
Chronos,834,1.0,20.048076923076923,horizon_6,excluding_sp,2022,model_topk_1_norm_minmax_noise_True_ep_100_lr_0.001_2022_log
Moirai,821,1.0,19.735576923076923,horizon_6,excluding_sp,2022,model_topk_1_norm_minmax_noise_True_ep_100_lr_0.001_2022_log
Time-MoE,836,1.0,20.096153846153847,horizon_6,excluding_sp,2022,model_topk_1_norm_minmax_noise_True_ep_100_lr_0.001_2022_log
Timer,835,1.0,20.072115384615383,horizon_6,excluding_sp,2022,model_topk_1_norm_minmax_noise_True_ep_100_lr_0.001_2022_log
TimesFM,834,1.0,20.048076923076923,horizon_6,excluding_sp,2022,model_topk_1_norm_minmax_noise_True_ep_100_lr_0.001_2022_log
Chronos,444,1.0,19.405594405594407,horizon_6,excluding_sp,2023,model_topk_1_norm_minmax_noise_True_ep_100_lr_0.001_2023_log
Moirai,457,1.0,19.973776223776223,horizon_6,excluding_sp,2023,model_topk_1_norm_minmax_noise_True_ep_100_lr_0.001_2023_log
Time-MoE,475,1.0,20.76048951048951,horizon_6,excluding_sp,2023,model_topk_1_norm_minmax_noise_True_ep_100_lr_0.001_2023_log
Timer,453,1.0,19.79895104895105,horizon_6,excluding_sp,2023,model_topk_1_norm_minmax_noise_True_ep_100_lr_0.001_2023_log
TimesFM,459,1.0,20.06118881118881,horizon_6,excluding_sp,2023,model_topk_1_norm_minmax_noise_True_ep_100_lr_0.001_2023_log
Chronos,628,1.0,20.128205128205128,horizon_6,excluding_sp,2024,model_topk_1_norm_minmax_noise_True_ep_100_lr_0.001_2024_log
Moirai,627,1.0,20.096153846153847,horizon_6,excluding_sp,2024,model_topk_1_norm_minmax_noise_True_ep_100_lr_0.001_2024_log
Time-MoE,628,1.0,20.128205128205128,horizon_6,excluding_sp,2024,model_topk_1_norm_minmax_noise_True_ep_100_lr_0.001_2024_log
Timer,625,1.0,20.03205128205128,horizon_6,excluding_sp,2024,model_topk_1_norm_minmax_noise_True_ep_100_lr_0.001_2024_log
TimesFM,612,1.0,19.615384615384617,horizon_6,excluding_sp,2024,model_topk_1_norm_minmax_noise_True_ep_100_lr_0.001_2024_log
